circ;vano;pop
1;2000;1516.123509
1;2001;1527.689626
1;2002;1539.343977
1;2003;1551.087237
1;2004;1562.920084
1;2005;1574.8432
1;2006;1586.857274
1;2007;1598.963001
1;2008;1611.161079
1;2009;1623.452213
1;2010;1635.837113
1;2011;1645.025883
1;2012;1653.913908
1;2013;1664.171332
1;2014;1670.320817
1;2015;1676.260402
1;2016;1682.007687
1;2017;1694.839291
1;2018;1707.768785
1;2019;1720.796914
1;2020;1733.924432
4;2000;29229.3482
4;2001;29452.33139
4;2002;29677.01567
4;2003;29903.414
4;2004;30131.53946
4;2005;30361.40524
4;2006;30593.0246
4;2007;30826.41093
4;2008;31061.5777
4;2009;31298.5385
4;2010;31537.30702
4;2011;31714.45733
4;2012;31885.80959
4;2013;32083.56249
4;2014;32202.11843
4;2015;32316.6277
4;2016;32427.4296
4;2017;32674.81014
4;2018;32924.07787
4;2019;33175.24721
4;2020;33428.33265
5;2000;34985.42737
5;2001;35252.32221
5;2002;35521.25312
5;2003;35792.23564
5;2004;36065.28542
5;2005;36340.41822
5;2006;36617.64993
5;2007;36896.99658
5;2008;37178.47429
5;2009;37462.09933
5;2010;37747.88806
5;2011;37959.92425
5;2012;38165.02057
5;2013;38401.71657
5;2014;38543.61951
5;2015;38680.67887
5;2016;38813.30077
5;2017;39109.39748
5;2018;39407.75303
5;2019;39708.38465
5;2020;40011.30972
6;2000;74834.97399
6;2001;75405.87079
6;2002;75981.12281
6;2003;76560.76328
6;2004;77144.82569
6;2005;77733.34375
6;2006;78326.35147
6;2007;78923.88309
6;2008;79525.97312
6;2009;80132.65635
6;2010;80743.96781
6;2011;81197.52015
6;2012;81636.22789
6;2013;82142.52839
6;2014;82446.0634
6;2015;82739.23786
6;2016;83022.92046
6;2017;83656.281
6;2018;84294.47328
6;2019;84937.53417
6;2020;85585.50081
7;2000;37930.95916
7;2001;38220.32471
7;2002;38511.89775
7;2003;38805.69513
7;2004;39101.73381
7;2005;39400.0309
7;2006;39700.60361
7;2007;40003.46932
7;2008;40308.64552
7;2009;40616.14982
7;2010;40926
7;2011;41155.88817
7;2012;41378.25219
7;2013;41634.87636
7;2014;41788.72654
7;2015;41937.32536
7;2016;42081.11311
7;2017;42402.13912
7;2018;42725.61415
7;2019;43051.55689
7;2020;43379.98616
9;2000;126504.1883
9;2001;127469.2562
9;2002;128441.6864
9;2003;129421.5351
9;2004;130408.8587
9;2005;131403.7144
9;2006;132406.1596
9;2007;133416.2522
9;2008;134434.0505
9;2009;135459.6134
9;2010;136493
9;2011;137259.704
9;2012;138001.314
9;2013;138857.1856
9;2014;139370.294
9;2015;139865.8884
9;2016;140345.4374
9;2017;141416.0967
9;2018;142494.9238
9;2019;143581.981
9;2020;144677.3311
10;2000;95680.99741
10;2001;96410.92317
10;2002;97146.41734
10;2003;97887.52241
10;2004;98634.28118
10;2005;99386.73678
10;2006;100144.9327
10;2007;100908.9126
10;2008;101678.7208
10;2009;102454.4017
10;2010;103236
10;2011;103815.8938
10;2012;104376.808
10;2013;105024.1435
10;2014;105412.2312
10;2015;105787.0723
10;2016;106149.7775
10;2017;106959.5669
10;2018;107775.534
10;2019;108597.7258
10;2020;109426.19
11;2014;70818.03543
11;2015;71069.86115
11;2016;71313.53372
11;2017;71857.56636
11;2018;72405.74928
11;2019;72958.11415
11;2020;73514.69286
12;2000;85011.97702
12;2001;85660.51156
12;2002;86313.99361
12;2003;86972.4609
12;2004;87635.95147
12;2005;88304.50363
12;2006;88978.15602
12;2007;89656.94752
12;2008;90340.91735
12;2009;91030.10501
12;2010;91724.5503
12;2011;92239.78241
12;2012;92738.15116
12;2013;93313.30478
12;2014;93658.11831
12;2015;93991.16232
12;2016;94313.42366
12;2017;95032.91655
12;2018;95757.89826
12;2019;96488.41068
12;2020;97224.49598
13;2000;64382.76564
13;2001;64873.92523
13;2002;65368.83174
13;2003;65867.51377
13;2004;66370.00012
13;2005;66876.31981
13;2006;67386.50208
13;2007;67900.5764
13;2008;68418.57246
13;2009;68940.52018
13;2010;69466.4497
13;2011;69856.65434
13;2012;70234.08773
13;2013;70669.67318
13;2014;70930.81343
13;2015;71183.04018
13;2016;71427.1008
13;2017;71971.99981
13;2018;72521.05572
13;2019;73074.30023
13;2020;73631.7653
14;2000;82289.40212
14;2001;82917.16683
14;2002;83549.72061
14;2003;84187.09997
14;2004;84829.34173
14;2005;85476.483
14;2006;86128.56114
14;2007;86785.61381
14;2008;87447.67897
14;2009;88114.79486
14;2010;88787
14;2011;89285.7314
14;2012;89768.1395
14;2013;90324.87337
14;2014;90658.64398
14;2015;90981.022
14;2016;91292.96267
14;2017;91989.41324
14;2018;92691.17685
14;2019;93398.29403
14;2020;94110.80563
15;2000;137486.9832
15;2001;138535.8361
15;2002;139592.6904
15;2003;140657.6072
15;2004;141730.648
15;2005;142811.8747
15;2006;143901.3498
15;2007;144999.1362
15;2008;146105.2974
15;2009;147219.8972
15;2010;148343
15;2011;149176.2674
15;2012;149982.2622
15;2013;150912.4387
15;2014;80652.05844
15;2015;80938.85349
15;2016;81216.36323
15;2017;81835.94201
15;2018;82460.2474
15;2019;83089.31545
15;2020;83723.1825
16;2000;282123.4415
16;2001;284275.6888
16;2002;286444.3551
16;2003;288629.5655
16;2004;290831.4463
16;2005;293050.1247
16;2006;295285.7289
16;2007;297538.3879
16;2008;299808.2318
16;2009;302095.3918
16;2010;175157
16;2011;176140.8861
16;2012;177092.57
16;2013;178190.8821
16;2014;178849.3372
16;2015;179485.3173
16;2016;180100.7069
16;2017;181474.6489
16;2018;182859.0724
16;2019;184254.0573
16;2020;185659.6842
17;2000;74427.20384
17;2001;74994.98987
17;2002;75567.10739
17;2003;76143.58944
17;2004;76724.46933
17;2005;77309.78061
17;2006;77899.55707
17;2007;78493.83278
17;2008;79092.64208
17;2009;79696.01953
17;2010;80304
17;2011;80755.08097
17;2012;81191.39823
17;2013;81694.93993
17;2014;81996.821
17;2015;82288.39797
17;2016;82570.53481
17;2017;83200.44421
17;2018;83835.15904
17;2019;84474.71594
17;2020;85119.15185
18;2000;62763.02364
18;2001;63241.82663
18;2002;63724.28229
18;2003;64210.41847
18;2004;64700.26326
18;2005;65193.84496
18;2006;65691.19206
18;2007;66192.33329
18;2008;66697.29761
18;2009;67206.11416
18;2010;67718.81235
18;2011;68099.20022
18;2012;68467.13814
18;2013;68891.76513
18;2014;69146.33561
18;2015;69392.21684
18;2016;69630.13738
18;2017;70161.32782
18;2018;70696.57057
18;2019;71235.89655
18;2020;71779.33691
19;2000;129149.5011
19;2001;130134.7495
19;2002;131127.5141
19;2003;132127.8522
19;2004;133135.8217
19;2005;134151.4807
19;2006;135174.8879
19;2007;136206.1024
19;2008;137245.1838
19;2009;138292.192
19;2010;139347.1877
19;2011;140129.9241
19;2012;140887.0418
19;2013;141760.8105
19;2014;142284.6484
19;2015;142790.6061
19;2016;143280.1829
19;2017;144373.2306
19;2018;145474.6169
19;2019;146584.4054
19;2020;147702.6602
20;2000;152048.223
20;2001;153208.1598
20;2002;154376.9455
20;2003;155554.6476
20;2004;156741.3341
20;2005;157937.0735
20;2006;159141.9348
20;2007;160355.9878
20;2008;161579.3024
20;2009;162811.9494
20;2010;164054
20;2011;164975.5187
20;2012;165866.8764
20;2013;166895.5678
20;2014;167512.2842
20;2015;168107.9503
20;2016;168684.331
20;2017;169971.1805
20;2018;171267.8469
20;2019;172574.4054
20;2020;173890.9312
21;2000;246763.4759
21;2001;248645.9711
21;2002;250542.8273
21;2003;252454.1542
21;2004;254380.0621
21;2005;256320.6623
21;2006;258276.0668
21;2007;260246.3886
21;2008;262231.7415
21;2009;264232.2401
21;2010;266248
21;2011;267743.5595
21;2012;269190.1698
21;2013;270859.6629
21;2014;271860.5499
21;2015;272827.2737
21;2016;273762.6986
21;2017;275851.164
21;2018;277955.5617
21;2019;280076.0133
21;2020;282212.6412
22;2000;222220.3823
22;2001;223915.6445
22;2002;225623.8394
22;2003;227345.0658
22;2004;229079.4229
22;2005;230827.011
22;2006;232587.931
22;2007;234362.2846
22;2008;236150.1742
22;2009;237951.7033
22;2010;239766.9757
22;2011;241113.7868
22;2012;242416.5173
22;2013;243919.9626
22;2014;174220.7561
22;2015;174840.2772
22;2016;175439.7406
22;2017;176778.1253
22;2018;178126.7202
22;2019;179485.6032
22;2020;180854.8528
23;2000;85492.4856
23;2001;86144.68582
23;2002;86801.86151
23;2003;87464.05062
23;2004;88131.2914
23;2005;88803.62239
23;2006;89481.08242
23;2007;90163.71062
23;2008;90851.54641
23;2009;91544.62953
23;2010;92243
23;2011;92761.14433
23;2012;93262.32998
23;2013;93840.73451
23;2014;94187.49701
23;2015;94522.42347
23;2016;94846.50631
23;2017;74719.64638
23;2018;75289.66338
23;2019;75864.02888
23;2020;76442.77608
24;2000;89905.99358
24;2001;90591.86332
24;2002;91282.96538
24;2003;91979.33968
24;2004;92681.02644
24;2005;93388.06619
24;2006;94100.49977
24;2007;94818.36832
24;2008;95541.7133
24;2009;96270.57649
24;2010;97005
24;2011;97549.89327
24;2012;98076.95239
24;2013;98685.21677
24;2014;99049.88072
24;2015;99402.0976
24;2016;99742.91105
24;2017;109865.3654
24;2018;110703.5001
24;2019;111548.0287
24;2020;112398.9999
25;2000;120434.4563
25;2001;121353.2198
25;2002;122278.9924
25;2003;123211.8274
25;2004;124151.7788
25;2005;125098.9008
25;2006;126053.2482
25;2007;127014.8761
25;2008;127983.8399
25;2009;128960.1958
25;2010;129944
25;2011;130673.9171
25;2012;131379.9444
25;2013;132194.7509
25;2014;132683.24
25;2015;133155.0556
25;2016;133611.5956
25;2017;134630.8842
25;2018;135657.9486
25;2019;136692.8483
25;2020;137735.6429
26;2000;107908.5091
26;2001;108731.7154
26;2002;109561.2018
26;2003;110397.016
26;2004;111239.2065
26;2005;112087.8219
26;2006;112942.9111
26;2007;113804.5235
26;2008;114672.709
26;2009;115547.5177
26;2010;116429
26;2011;117083.0011
26;2012;117715.597
26;2013;118445.6585
26;2014;118883.3417
26;2015;119306.0855
26;2016;119715.1424
26;2017;132117.2967
26;2018;133125.1857
26;2019;134140.7635
26;2020;135164.089
27;2000;176069.0408
27;2001;177412.2263
27;2002;178765.6586
27;2003;180129.4159
27;2004;181503.5769
27;2005;182888.2211
27;2006;184283.4284
27;2007;185689.2793
27;2008;187105.8552
27;2009;188533.2377
27;2010;189971.5093
27;2011;191038.611
27;2012;192070.7868
27;2013;193261.9925
27;2014;193976.1388
27;2015;194665.9091
27;2016;195333.3473
27;2017;196823.4953
27;2018;198325.0112
27;2019;199837.9818
27;2020;201362.4944
28;2000;159619.4004
28;2001;160837.0958
28;2002;162064.0807
28;2003;163300.4259
28;2004;164546.203
28;2005;165801.4837
28;2006;167066.3406
28;2007;168340.8468
28;2008;169625.0759
28;2009;170919.1021
28;2010;172223
28;2011;173190.4053
28;2012;174126.1478
28;2013;175206.0625
28;2014;175853.488
28;2015;176478.8151
28;2016;177083.8964
28;2017;110832.0738
28;2018;111677.5832
28;2019;112529.5428
28;2020;113388.0018
29;2000;97105.51689
29;2001;97846.30994
29;2002;98592.75431
29;2003;99344.89311
29;2004;100102.7698
29;2005;100866.4281
29;2006;101635.9122
29;2007;102411.2665
29;2008;103192.5357
29;2009;103979.7651
29;2010;104773
29;2011;105361.5274
29;2012;105930.7926
29;2013;106587.7658
29;2014;106981.6314
29;2015;107362.0532
29;2016;107730.1584
29;2017;185195.1085
29;2018;186607.9144
29;2019;188031.4983
29;2020;189465.9423
30;2000;116601.1364
30;2001;117490.6566
30;2002;118386.9626
30;2003;119290.1064
30;2004;120200.1399
30;2005;121117.1159
30;2006;122041.0873
30;2007;122972.1074
30;2008;123910.2301
30;2009;124855.5094
30;2010;125808
30;2011;126514.6845
30;2012;127198.2395
30;2013;127987.1115
30;2014;128460.0525
30;2015;128916.8506
30;2016;129358.8594
30;2017;132233.4841
30;2018;133242.2594
30;2019;134258.7304
30;2020;135282.9557
31;2000;146731.9941
31;2001;147851.3748
31;2002;148979.295
31;2003;150115.8198
31;2004;151261.0148
31;2005;152414.9463
31;2006;153577.6808
31;2007;154749.2855
31;2008;155929.828
31;2009;157119.3766
31;2010;158318
31;2011;159207.2986
31;2012;160067.4908
31;2013;161060.2149
31;2014;161655.3684
31;2015;162230.2076
31;2016;162786.4357
31;2017;164028.2916
31;2018;165279.6213
31;2019;166540.4971
31;2020;167810.9918
32;2000;342035.7465
32;2001;344645.0494
32;2002;347274.258
32;2003;349923.5241
32;2004;352593.0008
32;2005;355282.8423
32;2006;357993.2038
32;2007;360724.242
32;2008;363476.1146
32;2009;366248.9806
32;2010;369043
32;2011;371115.9761
32;2012;373121.1045
32;2013;375435.1678
32;2014;376822.4847
32;2015;378162.4484
32;2016;379459.0292
32;2017;382353.8246
32;2018;385270.7038
32;2019;388209.835
32;2020;391171.3882
33;2000;225222.3687
33;2001;226940.5323
33;2002;228671.8034
33;2003;230416.2818
33;2004;232174.0685
33;2005;233945.2648
33;2006;235729.9732
33;2007;237528.2966
33;2008;239340.339
33;2009;241166.205
33;2010;243006
33;2011;244371.0053
33;2012;245691.3344
33;2013;247215.0898
33;2014;248128.6049
33;2015;249010.9389
33;2016;249864.7064
33;2017;251770.8601
33;2018;253691.5553
33;2019;255626.903
33;2020;257577.015
34;2000;396710.6022
34;2001;399737.0055
34;2002;402786.4964
34;2003;405859.2512
34;2004;408955.4472
34;2005;412075.2633
34;2006;415218.8796
34;2007;418386.4778
34;2008;421578.2408
34;2009;424794.353
34;2010;428035
34;2011;430439.344
34;2012;432764.9948
34;2013;435448.9641
34;2014;437058.0454
34;2015;438612.204
34;2016;440116.0449
34;2017;443473.5771
34;2018;446856.7232
34;2019;450265.6784
34;2020;453700.6396
35;2000;665637.0802
35;2001;670715.0546
35;2002;675831.7675
35;2003;513999.5709
35;2004;517920.7416
35;2005;521871.8259
35;2006;525853.0521
35;2007;529864.65
35;2008;533906.8513
35;2009;537979.8896
35;2010;542084
35;2011;545128.9763
35;2012;548074.2916
35;2013;551473.3988
35;2014;553511.2163
35;2015;555479.4771
35;2016;557384.0131
35;2017;561636.1526
35;2018;565920.7306
35;2019;570237.9945
35;2020;574588.1938
36;2000;289129.2599
36;2001;291334.9527
36;2002;293557.4723
36;2003;295796.9468
36;2004;298053.5058
36;2005;300327.2794
36;2006;302618.3991
36;2007;304926.9972
36;2008;307253.2069
36;2009;309597.1628
36;2010;311959
36;2011;313711.3258
36;2012;315406.2986
36;2013;317362.4199
36;2014;318535.145
36;2015;319667.8415
36;2016;320763.8657
36;2017;323210.8908
36;2018;325676.5837
36;2019;328161.0867
36;2020;330664.5434
37;2000;197017.4391
37;2001;198520.4345
37;2002;200034.896
37;2003;201560.9108
37;2004;203098.5672
37;2005;204647.9541
37;2006;206209.1607
37;2007;207782.2775
37;2008;209367.3951
37;2009;210964.6052
37;2010;212574
37;2011;213768.0636
37;2012;214923.046
37;2013;216255.9793
37;2014;217055.0935
37;2015;217826.9315
37;2016;218573.7805
37;2017;220241.2237
37;2018;221921.3874
37;2019;223614.3687
37;2020;225320.2653
38;2000;193498.3331
38;2001;194974.4822
38;2002;196461.8925
38;2003;197960.6498
38;2004;199470.8408
38;2005;200992.5526
38;2006;202525.8732
38;2007;204070.891
38;2008;205627.6955
38;2009;207196.3763
38;2010;208777.0243
38;2011;209949.7597
38;2012;211084.1119
38;2013;212393.2364
38;2014;213178.0769
38;2015;213936.1285
38;2016;214669.6373
38;2017;216307.2968
38;2018;217957.4496
38;2019;219620.191
38;2020;221295.6171
39;2000;163481.4516
39;2001;164728.6096
39;2002;165985.2818
39;2003;167251.5409
39;2004;168527.46
39;2005;169813.1127
39;2006;171108.5733
39;2007;172413.9167
39;2008;173729.2182
39;2009;175054.5538
39;2010;176390
39;2011;177380.8121
39;2012;178339.1952
39;2013;179445.2388
39;2014;180108.3291
39;2015;180748.7861
39;2016;181368.5076
39;2017;182752.1214
39;2018;184146.2904
39;2019;185551.0951
39;2020;186966.6168
40;2000;103414.8227
40;2001;104203.7478
40;2002;104998.6915
40;2003;105799.6995
40;2004;106606.8183
40;2005;107420.0943
40;2006;108239.5746
40;2007;109065.3065
40;2008;109897.3377
40;2009;110735.7163
40;2010;111580.4907
40;2011;112207.2569
40;2012;112813.5093
40;2013;113513.1685
40;2014;113932.625
40;2015;114337.7643
40;2016;114729.7867
40;2017;115605.0307
40;2018;116486.9518
40;2019;117375.6009
40;2020;118271.0292
41;2000;132605.4321
41;2001;133617.0449
41;2002;134636.375
41;2003;135663.4813
41;2004;136698.4232
41;2005;137741.2603
41;2006;138792.053
41;2007;139850.862
41;2008;140917.7483
41;2009;141992.7736
41;2010;143076
41;2011;143879.6818
41;2012;144657.0593
41;2013;145554.2093
41;2014;146092.0647
41;2015;146611.5614
41;2016;147114.2389
41;2017;137308.4023
41;2018;138355.8928
41;2019;139411.3744
41;2020;140474.908
42;2010;129243
42;2011;129968.9795
42;2012;130671.198
42;2013;131481.6089
42;2014;131967.4629
42;2015;132436.7332
42;2016;132890.8103
42;2017;133904.6002
42;2018;134926.124
42;2019;135955.4407
42;2020;136992.6099
43;2003;166987.9436
43;2004;168261.8518
43;2005;169545.4782
43;2006;170838.8971
43;2007;172142.1832
43;2008;173455.4117
43;2009;174778.6585
43;2010;176112
43;2011;177101.2505
43;2012;178058.1232
43;2013;179162.4235
43;2014;179824.4688
43;2015;180463.9164
43;2016;181082.6612
43;2017;182464.0943
43;2018;183856.0661
43;2019;185258.6568
43;2020;186671.9475
44;2000;109934.5336
44;2001;110773.1959
44;2002;111618.2562
44;2003;112469.7632
44;2004;113327.7661
44;2005;114192.3145
44;2006;115063.4584
44;2007;115941.248
44;2008;116825.734
44;2009;117716.9675
44;2010;118615
44;2011;119281.2803
44;2012;119925.7534
44;2013;120669.5221
44;2014;121115.4229
44;2015;121546.1039
44;2016;121962.841
44;2017;122893.2642
44;2018;123830.7854
44;2019;124775.4586
44;2020;125727.3386
45;2014;70600.54536
45;2015;70851.59769
45;2016;71094.52192
45;2017;71636.88377
45;2018;72183.38316
45;2019;72734.05165
45;2020;73288.92106
48;2000;65260
48;2001;66450.04234
48;2002;67661.78559
48;2003;68895.62546
48;2004;70151.96489
48;2005;71431.21419
48;2006;72733.7911
48;2007;74060.12103
48;2008;75410.63712
48;2009;76785.78042
48;2010;78186
48;2011;79179
48;2012;80138
48;2013;81260
48;2014;82090
48;2015;82892
48;2016;83667
48;2017;85192.70139
48;2018;86746.22456
48;2019;88328.07685
48;2020;89938.77485
50;2000;82003
50;2001;84377.30678
50;2002;86820.359
50;2003;89334.14711
50;2004;91920.7192
50;2005;94582.18264
50;2006;97320.70583
50;2007;100138.52
50;2008;103037.9208
50;2009;106021.2706
50;2010;109091
50;2011;111171
50;2012;113182
50;2013;115542
50;2014;117374
50;2015;119143
50;2016;120855
50;2017;124354.2238
50;2018;127954.7637
50;2019;131659.5533
50;2020;135471.611
51;2000;40475
51;2001;41095.32188
51;2002;41725.15084
51;2003;42364.6326
51;2004;43013.91508
51;2005;43673.1485
51;2006;44342.48537
51;2007;45022.08052
51;2008;45712.09118
51;2009;46412.67699
51;2010;47124
51;2011;47635
51;2012;48129
51;2013;48705
51;2014;49120
51;2015;49521
51;2016;50071
51;2017;50838.39066
51;2018;51617.54238
51;2019;52408.63542
51;2020;53211.8528
52;2000;171607.3668
52;2001;172298.6918
52;2002;172992.8018
52;2003;173689.708
52;2004;174389.4218
52;2005;175091.9544
52;2006;175797.3171
52;2007;176505.5214
52;2008;177216.5788
52;2009;177930.5006
52;2010;178647.2985
52;2011;179273.2597
52;2012;179878.8042
52;2013;180567.3615
52;2014;180872.9382
52;2015;181167.9701
52;2016;178911.5932
52;2017;179632.3435
52;2018;180355.9973
52;2019;181082.5664
52;2020;181812.0625
53;2000;168041
53;2001;168074.47
53;2002;168107.9466
53;2003;168141.43
53;2004;168174.9199
53;2005;168208.4166
53;2006;168241.9199
53;2007;168275.4299
53;2008;168308.9466
53;2009;168342.47
53;2010;168376
53;2011;168966
53;2012;169537
53;2013;170185
53;2014;170473
53;2015;170751
53;2016;171020
53;2017;171054.0633
53;2018;171088.1335
53;2019;171122.2104
53;2020;171156.2941
54;2000;434474
54;2001;437839.9945
54;2002;441232.0664
54;2003;444650.4176
54;2004;448095.2517
54;2005;451566.774
54;2006;455065.1911
54;2007;458590.7115
54;2008;462143.5451
54;2009;465723.9035
54;2010;469332
54;2011;472008
54;2012;474596
54;2013;477583
54;2014;479386
54;2015;481127
54;2016;494141
54;2017;497969.2519
54;2018;501827.1623
54;2019;505714.9611
54;2020;509632.8797
55;2000;205271
55;2001;207928.5219
55;2002;210620.5465
55;2003;213347.523
55;2004;128145.9071
55;2005;129732.0248
55;2006;131337.7747
55;2007;132963.3996
55;2008;134609.1456
55;2009;136275.2617
55;2010;137962
55;2011;139188
55;2012;140374
55;2013;141753
55;2014;142709
55;2015;143632
55;2016;144525
55;2017;146313.8489
55;2018;148124.8393
55;2019;149958.245
55;2020;151814.3436
56;2000;255359.4631
56;2001;256388.1857
56;2002;257421.0526
56;2003;258458.0804
56;2004;259499.2858
56;2005;260544.6858
56;2006;261594.2972
56;2007;262648.1371
56;2008;263706.2223
56;2009;264768.57
56;2010;265835.1975
56;2011;266766.6558
56;2012;267667.7332
56;2013;268692.3374
56;2014;269147.0493
56;2015;269586.0699
56;2016;266228.4799
56;2017;267300.9886
56;2018;268377.818
56;2019;269458.9854
56;2020;270544.5083
57;2000;153712
57;2001;154079.3247
57;2002;154447.5271
57;2003;154816.6094
57;2004;155186.5738
57;2005;155557.4222
57;2006;155929.1568
57;2007;156301.7798
57;2008;156675.2933
57;2009;157049.6993
57;2010;157425
57;2011;157710
57;2012;157986
57;2013;158288
57;2014;158299
57;2015;158309
57;2016;158319
57;2017;158697.334
57;2018;159076.572
57;2019;159456.7164
57;2020;159837.7692
58;2000;337912.1701
58;2001;339273.4586
58;2002;340640.231
58;2003;342012.5095
58;2004;343390.3163
58;2005;344773.6736
58;2006;346162.6038
58;2007;347557.1294
58;2008;348957.2728
58;2009;350363.0568
58;2010;351774.504
58;2011;353007.0845
58;2012;354199.4626
58;2013;355555.3011
58;2014;356157.0125
58;2015;356737.9599
58;2016;352294.9269
58;2017;353714.1566
58;2018;355139.1038
58;2019;356569.7915
58;2020;358006.2427
59;2000;320249.7771
59;2001;323394.1575
59;2002;326569.4111
59;2003;329775.841
59;2004;333013.7534
59;2005;336283.4572
59;2006;339585.2647
59;2007;342919.4911
59;2008;346286.4547
59;2009;349686.4769
59;2010;353119.8823
59;2011;355643.2055
59;2012;358083.5192
59;2013;360914.1015
59;2014;362764.6762
59;2015;364551.6516
59;2016;366281.2224
59;2017;369877.5637
59;2018;373509.2158
59;2019;377176.5253
59;2020;380879.8424
60;2000;257278.7211
60;2001;259804.8186
60;2002;262355.7187
60;2003;264931.6649
60;2004;267532.903
60;2005;270159.6815
60;2006;272812.2511
60;2007;275490.865
60;2008;278195.7789
60;2009;280927.2511
60;2010;283685.5423
60;2011;285712.7018
60;2012;287673.1741
60;2013;289947.1759
60;2014;291433.8701
60;2015;292869.4706
60;2016;294258.954
60;2017;297148.1429
60;2018;300065.6994
60;2019;303011.9019
60;2020;305987.0318
61;2000;54864.61969
61;2001;55403.30933
61;2002;55947.2881
61;2003;56496.60795
61;2004;57051.3213
61;2005;57611.48112
61;2006;58177.14089
61;2007;58748.3546
61;2008;59325.17678
61;2009;59907.66251
61;2010;60495.86739
61;2011;60928.15861
61;2012;61346.2288
61;2013;61831.1591
61;2014;62148.19625
61;2015;62454.33768
61;2016;62750.64466
61;2017;63366.76343
61;2018;63988.93158
61;2019;64617.2085
61;2020;65251.65417
62;2000;143062.8821
62;2001;144467.5486
62;2002;145886.0068
62;2003;147318.3922
62;2004;148764.8415
62;2005;150225.4928
62;2006;151700.4856
62;2007;153189.9606
62;2008;154694.06
62;2009;156212.9275
62;2010;157746.708
62;2011;158873.9341
62;2012;159964.0779
62;2013;161228.5636
62;2014;162055.2575
62;2015;162853.5402
62;2016;163626.1789
62;2017;165232.7466
62;2018;166855.0885
62;2019;168493.3593
62;2020;170147.7156
63;2004;87963.99957
63;2005;89176.13344
63;2006;90404.97039
63;2007;91650.74057
63;2008;92913.67732
63;2009;94194.01719
63;2010;95492
63;2011;96430
63;2012;97337
63;2013;98393
63;2014;99141
63;2015;99863
63;2016;100562
63;2017;101947.7329
63;2018;103352.561
63;2019;104776.7475
63;2020;106220.5591
64;2000;449476
64;2001;450387.3398
64;2002;451300.5274
64;2003;452215.5665
64;2004;453132.461
64;2005;454051.2145
64;2006;454971.8308
64;2007;455894.3137
64;2008;456818.667
64;2009;457744.8945
64;2010;458673
64;2011;459379
64;2012;460062
64;2013;460799
64;2014;460711
64;2015;460625
64;2016;460541
64;2017;461474.7748
64;2018;462410.4428
64;2019;463348.008
64;2020;464287.4741
65;2000;116685.4214
65;2001;118646.3668
65;2002;120651.5398
65;2003;122702.1454
65;2004;124799.424
65;2005;126944.6529
65;2006;129139.1471
65;2007;131384.2608
65;2008;133681.3885
65;2009;136031.9658
65;2010;138437.4713
65;2011;87585.62392
65;2012;88196.12064
65;2013;88904.15914
65;2014;89368.91698
65;2015;89818.37416
65;2016;90395.97444
65;2017;91298.23256
65;2018;92209.49627
65;2019;93129.85547
65;2020;94059.40094
66;2000;127096.5786
66;2001;128365.1519
66;2002;129646.387
66;2003;130940.4104
66;2004;132247.3497
66;2005;133567.3337
66;2006;134900.4928
66;2007;136246.9583
66;2008;137606.8632
66;2009;138980.3415
66;2010;140367.5287
66;2011;141386.3761
66;2012;142371.8794
66;2013;143514.8409
66;2014;144265.083
66;2015;144990.6258
66;2016;145923.0256
66;2017;147379.5089
66;2018;148850.5297
66;2019;150336.2331
66;2020;151836.7654
67;2011;52522
67;2012;53527
67;2013;54706
67;2014;55626
67;2015;56515
67;2016;57105
67;2017;58873.12024
67;2018;60695.9861
67;2019;62575.29266
67;2020;64512.78748
70;2011;31091
70;2012;31438
70;2013;31844
70;2014;32140
70;2015;32426
70;2016;32703
70;2017;33247.13566
70;2018;33800.32504
70;2019;34362.71877
70;2020;34934.47001
71;2000;213536
71;2001;216819.3983
71;2002;220153.3304
71;2003;223538.575
71;2004;226975.9225
71;2005;230466.1757
71;2006;234010.1497
71;2007;237608.6722
71;2008;241262.5836
71;2009;244972.7373
71;2010;248740
71;2011;220352
71;2012;222618
71;2013;225263
71;2014;227168
71;2015;229007
71;2016;230786
71;2017;234294.1474
71;2018;237855.6217
71;2019;241471.2336
71;2020;245141.8058
72;2000;307600.4929
72;2001;311158.4807
72;2002;314757.6234
72;2003;318398.3971
72;2004;322081.2833
72;2005;325806.7691
72;2006;329575.3473
72;2007;333387.5163
72;2008;337243.7803
72;2009;341144.6494
72;2010;345090.6395
72;2011;347968.4429
72;2012;350751.6658
72;2013;353989.1515
72;2014;356196.9517
72;2015;358329.5017
72;2016;360392.6697
72;2017;364561.2999
72;2018;368778.1484
72;2019;373043.7727
72;2020;377358.7371
73;2000;148838.2316
73;2001;150559.8303
73;2002;152301.3426
73;2003;154062.9988
73;2004;155845.0319
73;2005;157647.6777
73;2006;159471.1745
73;2007;161315.7635
73;2008;163181.6887
73;2009;165069.1969
73;2010;166978.5378
73;2011;168371.0166
73;2012;169717.7309
73;2013;171284.2487
73;2014;172352.534
73;2015;173384.408
73;2016;174382.7103
73;2017;176399.7797
73;2018;178440.1804
73;2019;180504.1823
73;2020;182592.0582
74;2000;194612.6103
74;2001;196863.6772
74;2002;199140.782
74;2003;201444.2259
74;2004;203774.3135
74;2005;206131.353
74;2006;208515.6562
74;2007;210927.5384
74;2008;213367.3187
74;2009;215835.3197
74;2010;218331.8678
74;2011;220152.5958
74;2012;221913.4846
74;2013;223961.7763
74;2014;225358.6069
74;2015;226707.8282
74;2016;228013.1528
74;2017;230650.5608
74;2018;233318.4755
74;2019;236017.2498
74;2020;238747.2405
75;2000;240067.6652
75;2001;242844.5067
75;2002;245653.4677
75;2003;248494.9197
75;2004;251369.2386
75;2005;254276.8044
75;2006;257218.0018
75;2007;260193.2197
75;2008;263202.8518
75;2009;266247.296
75;2010;269326.955
75;2011;271572.9447
75;2012;273745.1188
75;2013;276271.8235
75;2014;277994.9074
75;2015;279659.2621
75;2016;281269.4672
75;2017;284522.8864
75;2018;287813.9375
75;2019;291143.056
75;2020;294510.682
76;2000;71993.21395
76;2001;72422.0188
76;2002;72853.37769
76;2003;73287.30583
76;2004;73723.81853
76;2005;74162.93118
76;2006;74604.65926
76;2007;75049.01836
76;2008;75496.02414
76;2009;75945.69238
76;2010;76398.03892
76;2011;76736.18456
76;2012;77063.20494
76;2013;77438.17367
76;2014;77637.17505
76;2015;77829.28189
76;2016;78015.27767
76;2017;78479.95104
76;2018;78947.39209
76;2019;79417.6173
76;2020;79890.64327
77;2000;136515.1738
77;2001;137328.2833
77;2002;138146.2359
77;2003;138969.0603
77;2004;139796.7856
77;2005;140629.4411
77;2006;141467.0559
77;2007;142309.6598
77;2008;143157.2823
77;2009;144009.9535
77;2010;144867.7033
77;2011;145508.9028
77;2012;146129.0063
77;2013;146840.0306
77;2014;147217.3815
77;2015;147581.6589
77;2016;147934.3483
77;2017;148815.4725
77;2018;149701.8449
77;2019;150593.4967
77;2020;151490.4593
78;2000;118670.2714
78;2001;119377.0934
78;2002;120088.1254
78;2003;120803.3924
78;2004;121522.9197
78;2005;122246.7326
78;2006;122974.8566
78;2007;123707.3176
78;2008;124444.1411
78;2009;125185.3534
78;2010;125930.9804
78;2011;126488.364
78;2012;127027.4092
78;2013;127645.4902
78;2014;127973.5149
78;2015;128290.1749
78;2016;128596.7617
78;2017;129362.7077
78;2018;130133.2158
78;2019;130908.3132
78;2020;131688.0273
79;2000;68641.42368
79;2001;69050.26465
79;2002;69461.54075
79;2003;69875.26649
79;2004;70291.45645
79;2005;70710.12532
79;2006;71131.28785
79;2007;71554.95891
79;2008;71981.15343
79;2009;72409.88645
79;2010;72841.17308
79;2011;73163.57567
79;2012;73475.37094
79;2013;73832.88225
79;2014;74022.61871
79;2015;74205.78163
79;2016;74383.11799
79;2017;74826.15755
79;2018;75271.83594
79;2019;75720.16886
79;2020;76171.17214
81;2000;63630.91718
81;2001;64009.91465
81;2002;64391.16949
81;2003;64774.69516
81;2004;65160.50519
81;2005;65548.61316
81;2006;65939.03278
81;2007;66331.77781
81;2008;66726.8621
81;2009;67124.29959
81;2010;67524.10429
81;2011;67822.97298
81;2012;68112.00864
81;2013;68443.42328
81;2014;68619.30986
81;2015;68789.10273
81;2016;68953.49436
81;2017;69364.19408
81;2018;69777.34
81;2019;70192.9467
81;2020;70611.02882
82;2000;76737
82;2001;80731.32253
82;2002;84933.55797
82;2003;89354.52862
82;2004;94005.6201
82;2005;98898.8107
82;2006;104046.7022
82;2007;109462.5522
82;2008;115160.3087
82;2009;121154.6454
82;2010;127461
82;2011;131355
82;2012;135121
82;2013;139552
82;2014;143111
82;2015;146549
82;2016;149876
82;2017;157677.3616
82;2018;165884.8005
82;2019;174519.4539
82;2020;183603.5591
88;2000;88503
88;2001;89111.3344
88;2002;89723.85025
88;2003;90340.57628
88;2004;90961.54145
88;2005;91586.77489
88;2006;92216.30593
88;2007;92850.16411
88;2008;93488.37919
88;2009;94130.9811
88;2010;94778
88;2011;95260
88;2012;95726
88;2013;96261
88;2014;96568
88;2015;96865
88;2016;97152
88;2017;97819.78418
88;2018;98492.15845
88;2019;99169.15435
88;2020;99850.80365
89;2000;104549
89;2001;105979.6149
89;2002;107429.8059
89;2003;108899.8409
89;2004;110389.9913
89;2005;111900.5325
89;2006;113431.7435
89;2007;114983.907
89;2008;116557.3099
89;2009;118152.2427
89;2010;119769
89;2011;120938
89;2012;122068
89;2013;123385
89;2014;124316
89;2015;125214
89;2016;126084
89;2017;127809.293
89;2018;129558.1943
89;2019;131331.027
89;2020;133128.1186
90;2000;170753
90;2001;171446.1983
90;2002;172142.2107
90;2003;172841.0487
90;2004;173542.7237
90;2005;174247.2473
90;2006;174954.631
90;2007;175664.8864
90;2008;176378.0253
90;2009;177094.0592
90;2010;177813
90;2011;178355
90;2012;178880
90;2013;179472
90;2014;179697
90;2015;179915
90;2016;180126
90;2017;180857.2494
90;2018;181591.4675
90;2019;182328.6662
90;2020;183068.8576
91;2000;66308
91;2001;66841.7454
91;2002;67379.78717
91;2003;67922.15991
91;2004;68468.89847
91;2005;69020.03799
91;2006;69575.6139
91;2007;70135.66192
91;2008;70700.21803
91;2009;71269.31853
91;2010;71843
91;2011;72268
91;2012;72679
91;2013;73154
91;2014;73445
91;2015;73725
91;2016;73997
91;2017;74592.63791
91;2018;75193.07039
91;2019;75798.33605
91;2020;76408.47379
92;2000;7625
92;2001;7713.798907
92;2002;7803.631944
92;2003;7894.511155
92;2004;7986.448723
92;2005;8079.456974
92;2006;8173.548377
92;2007;8268.735545
92;2008;8365.031241
92;2009;8462.448372
92;2010;8561
92;2011;8633
92;2012;8703
92;2013;8783
92;2014;8838
92;2015;8892
92;2016;8943
92;2017;9047.148016
92;2018;9152.508915
92;2019;9259.096821
92;2020;9366.926024
93;2000;242063
93;2001;243592.7548
93;2002;245132.1772
93;2003;246681.3281
93;2004;248240.2692
93;2005;249809.0623
93;2006;251387.7695
93;2007;252976.4537
93;2008;254575.1778
93;2009;256184.0053
93;2010;257803
93;2011;259012
93;2012;260180
93;2013;261522
93;2014;262259
93;2015;262970
93;2016;263659
93;2017;265325.2341
93;2018;267001.9983
93;2019;268689.359
93;2020;270387.3832
94;2000;41599
94;2001;42288.42524
94;2002;42989.31898
94;2003;43701.87272
94;2004;23709.49263
94;2005;24124.94667
94;2006;24547.68059
94;2007;24977.82194
94;2008;25415.50053
94;2009;25860.84842
94;2010;26314
94;2011;26637
94;2012;26948
94;2013;27311
94;2014;27579
94;2015;27838
94;2016;28088
94;2017;28580.17726
94;2018;29080.9788
94;2019;29590.55572
94;2020;30109.0618
95;2000;31451
95;2001;31735.07142
95;2002;32021.70862
95;2003;32310.93479
95;2004;32602.7733
95;2005;32897.24776
95;2006;33194.38196
95;2007;33494.19994
95;2008;33796.72593
95;2009;34101.98439
95;2010;34410
95;2011;34638
95;2012;34858
95;2013;35112
95;2014;35275
95;2015;35432
95;2016;35622
95;2017;35943.74468
95;2018;36268.39543
95;2019;36595.97848
95;2020;36926.52032
96;2000;48833
96;2001;49045.23634
96;2002;49258.4733
96;2003;49472.71591
96;2004;49687.96922
96;2005;49904.23831
96;2006;50121.52828
96;2007;50339.84426
96;2008;50559.19141
96;2009;50779.57492
96;2010;51001
96;2011;51168
96;2012;51329
96;2013;51511
96;2014;51587
96;2015;51660
96;2016;51794
96;2017;52020.3618
96;2018;52247.79575
96;2019;52476.30725
96;2020;52705.90174
97;2000;17289
97;2001;17352.53883
97;2002;17416.31118
97;2003;17480.31789
97;2004;17544.55984
97;2005;17609.03788
97;2006;17673.75288
97;2007;17738.70572
97;2008;17803.89727
97;2009;17869.3284
97;2010;17935
97;2011;17981
97;2012;18024
97;2013;18072
97;2014;18086
97;2015;18099
97;2016;18111
97;2017;18177.55977
97;2018;18244.36415
97;2019;18311.41404
97;2020;18378.71035
98;2000;12164
98;2001;12267.26444
98;2002;12371.40552
98;2003;12476.4307
98;2004;12582.34747
98;2005;12689.16341
98;2006;12796.88614
98;2007;12905.52337
98;2008;13015.08286
98;2009;13125.57244
98;2010;13237
98;2011;13324
98;2012;13408
98;2013;13505
98;2014;13566
98;2015;13626
98;2016;13521
98;2017;13635.78448
98;2018;13751.54341
98;2019;13868.28506
98;2020;13986.01777
99;2000;24739
99;2001;25116.40817
99;2002;25499.57394
99;2003;25888.58512
99;2004;26283.5309
99;2005;26684.50181
99;2006;27091.58978
99;2007;27504.88811
99;2008;27924.49155
99;2009;28350.4963
99;2010;28783
99;2011;29094
99;2012;29394
99;2013;29744
99;2014;29996
99;2015;30240
99;2016;30475
99;2017;30939.91427
99;2018;31411.92108
99;2019;31891.12864
99;2020;32377.6468
100;2000;22825
100;2001;23403.82619
100;2002;23998.50623
100;2003;24609.50078
100;2004;25237.28439
100;2005;25882.34602
100;2006;26545.18939
100;2007;27226.33355
100;2008;27926.31324
100;2009;28645.67948
100;2010;29385
100;2011;29890
100;2012;30377
100;2013;30946
100;2014;31385
100;2015;31809
100;2016;32218
100;2017;33056.29866
100;2018;33918.03603
100;2019;34803.90306
100;2020;35714.61181
101;2004;20716.78851
101;2005;21037.79549
101;2006;21363.77648
101;2007;21694.80855
101;2008;22030.96997
101;2009;22372.34022
101;2010;22719
101;2011;22968
101;2012;23208
101;2013;23488
101;2014;23691
101;2015;23887
101;2016;24076
101;2017;24449.05802
101;2018;24827.89658
101;2019;25212.60525
101;2020;25603.27499
104;2000;19278
104;2001;19373.15824
104;2002;19468.78618
104;2003;19564.88616
104;2004;19661.4605
104;2005;19758.51153
104;2006;19856.04162
104;2007;19954.05313
104;2008;20052.54844
104;2009;20151.52993
104;2010;20251
104;2011;20398
104;2012;20540
104;2013;20704
104;2014;20812
104;2015;20916
104;2016;21017
104;2017;21120.74212
104;2018;21224.99633
104;2019;21329.76514
104;2020;21435.05111
105;2000;243780.4044
105;2001;244566.9198
105;2002;245355.9726
105;2003;246147.5713
105;2004;246941.7239
105;2005;247738.4386
105;2006;248537.7239
105;2007;249339.5879
105;2008;250144.039
105;2009;250951.0855
105;2010;251760.7357
105;2011;252312.0422
105;2012;252845.4823
105;2013;253437.6263
105;2014;253547.3771
105;2015;253653.7248
105;2016;253667.3373
105;2017;254485.7511
105;2018;255306.8054
105;2019;256130.5086
105;2020;256956.8695
106;2000;42756.59557
106;2001;42894.54233
106;2002;43032.93416
106;2003;43171.77248
106;2004;43311.05874
106;2005;43450.79438
106;2006;43590.98086
106;2007;43731.61962
106;2008;43872.71213
106;2009;44014.25985
106;2010;44156.26425
106;2011;44252.95778
106;2012;44346.51773
106;2013;44450.37374
106;2014;44469.62292
106;2015;44488.27522
106;2016;44490.66271
106;2017;44634.20414
106;2018;44778.20869
106;2019;44922.67784
106;2020;45067.61309
107;2000;37410
107;2001;37762.10621
107;2002;38117.52648
107;2003;38476.29199
107;2004;38838.43424
107;2005;39203.985
107;2006;39572.97636
107;2007;39945.4407
107;2008;40321.4107
107;2009;40700.91936
107;2010;41084
107;2011;41367
107;2012;41639
107;2013;41955
107;2014;42159
107;2015;42356
107;2016;42737
107;2017;43139.24441
107;2018;43545.27477
107;2019;43955.12673
107;2020;44368.83625
108;2000;89799
108;2001;90494.83983
108;2002;91196.69
108;2003;91904.60884
108;2004;92618.65533
108;2005;93338.8891
108;2006;94065.37042
108;2007;94798.16022
108;2008;95537.32012
108;2009;96282.91239
108;2010;97035
108;2011;97591
108;2012;98129
108;2013;98748
108;2014;99122
108;2015;99484
108;2016;99543
108;2017;100324.2294
108;2018;101112.3117
108;2019;101907.3146
108;2020;102709.3065
109;2000;17157
109;2001;17193.44956
109;2002;17229.97655
109;2003;17266.58114
109;2004;17303.2635
109;2005;17340.02379
109;2006;17376.86217
109;2007;17413.77882
109;2008;17450.7739
109;2009;17487.84757
109;2010;17525
109;2011;17554
109;2012;17581
109;2013;17610
109;2014;17608
109;2015;17606
109;2016;17604
109;2017;17641.3992
109;2018;17678.87784
109;2019;17716.43611
109;2020;17754.07418
110;2000;138081
110;2001;140455.1284
110;2002;142870.077
110;2003;145326.5476
110;2004;147825.2541
110;2005;150366.9226
110;2006;152952.292
110;2007;155582.1135
110;2008;158257.1515
110;2009;160978.1834
110;2010;163746
110;2011;165716
110;2012;167622
110;2013;169849
110;2014;171482
110;2015;173060
110;2016;174587
110;2017;177588.803
110;2018;180642.2182
110;2019;183748.1331
110;2020;186907.4502
111;2000;14176
111;2001;14246.78797
111;2002;14317.92942
111;2003;14389.42612
111;2004;14461.27984
111;2005;14533.49235
111;2006;14606.06547
111;2007;14679.00097
111;2008;14752.30068
111;2009;14825.96642
111;2010;14900
111;2011;14956
111;2012;15010
111;2013;15070
111;2014;15099
111;2015;15127
111;2016;15153
111;2017;15228.66663
111;2018;15304.7111
111;2019;15381.1353
111;2020;15457.94112
112;2000;15289
112;2001;15491.05075
112;2002;15695.77169
112;2003;15903.19811
112;2004;16113.36575
112;2005;16326.31085
112;2006;16542.07011
112;2007;16760.68073
112;2008;16982.18038
112;2009;17206.60724
112;2010;17434
112;2011;17599
112;2012;17758
112;2013;17944
112;2014;18074
112;2015;18200
112;2016;18322
112;2017;18564.13316
112;2018;18809.46621
112;2019;19058.04145
112;2020;19309.90171
118;2000;82803
118;2001;85342.69809
118;2002;87960.29272
118;2003;90658.17308
118;2004;93438.80168
118;2005;96304.71652
118;2006;99258.53347
118;2007;102302.9486
118;2008;105440.7408
118;2009;108674.774
118;2010;112008
118;2011;114250
118;2012;116418
118;2013;118964
118;2014;120948
118;2015;122865
118;2016;124940
118;2017;128772.1061
118;2018;132721.7489
118;2019;136792.5334
118;2020;140988.1753
119;2000;49691
119;2001;50248.0429
119;2002;50811.33033
119;2003;51380.93229
119;2004;51956.91956
119;2005;52539.36373
119;2006;53128.33718
119;2007;53723.9131
119;2008;54326.16551
119;2009;54935.16924
119;2010;55551
119;2011;56001
119;2012;56436
119;2013;56942
119;2014;57284
119;2015;57615
119;2016;57963
119;2017;58612.77315
119;2018;59269.83035
119;2019;59934.25325
119;2020;60606.12442
120;2000;21265
120;2001;21273.38511
120;2002;21281.77352
120;2003;21290.16524
120;2004;21298.56027
120;2005;21306.95861
120;2006;21315.36026
120;2007;21323.76522
120;2008;21332.1735
120;2009;21340.58509
120;2010;21349
120;2011;21356
120;2012;21362
120;2013;21366
120;2014;21336
120;2015;21307
120;2016;21279
120;2017;21287.39063
120;2018;21295.78456
120;2019;21304.18181
120;2020;21312.58236
121;2000;22152
121;2001;23211.69763
121;2002;24322.0886
121;2003;25485.59797
121;2004;26704.76679
121;2005;27982.25766
121;2006;29320.86059
121;2007;30723.49901
121;2008;32193.23623
121;2009;33733.2821
121;2010;35347
121;2011;36360
121;2012;37340
121;2013;38492
121;2014;39414
121;2015;40305
121;2016;41167
121;2017;43136.32883
121;2018;45199.86554
121;2019;47362.11681
121;2020;49627.80491
122;2000;18782
122;2001;19011.8232
122;2002;19244.4586
122;2003;19479.94061
122;2004;19718.30406
122;2005;19959.58421
122;2006;20203.81675
122;2007;20451.03781
122;2008;20701.28395
122;2009;20954.59219
122;2010;21211
122;2011;21416
122;2012;21613
122;2013;21844
122;2014;22006
122;2015;22163
122;2016;22315
122;2017;22588.05424
122;2018;22864.44967
122;2019;23144.22717
122;2020;23427.42813
123;2000;154801
123;2001;161760.5604
123;2002;169033.3908
123;2003;176633.6079
123;2004;184575.9651
123;2005;192875.8815
123;2006;201549.4714
123;2007;210613.5764
123;2008;189119.8211
123;2009;197728.001
123;2010;206728
123;2011;212433
123;2012;217951
123;2013;224442
123;2014;229624
123;2015;234628
123;2016;239471
123;2017;250371.018
123;2018;261767.1728
123;2019;273682.0472
123;2020;286139.2518
124;2000;52461
124;2001;54314.17591
124;2002;56232.81495
124;2003;58219.22958
124;2004;60275.81398
124;2005;62405.04686
124;2006;64609.49454
124;2007;66891.81396
124;2008;69254.75592
124;2009;71701.16841
124;2010;74234
124;2011;75906
124;2012;77522
124;2013;79421
124;2014;80915
124;2015;82359
124;2016;83750
124;2017;86708.45452
124;2018;89771.41594
124;2019;92942.57596
124;2020;96225.75667
125;2000;63227
125;2001;65342.96725
125;2002;67529.74788
125;2003;69789.71174
125;2004;72125.308
125;2005;74539.06778
125;2006;77033.60692
125;2007;79611.6288
125;2008;82275.92727
125;2009;85029.38968
125;2010;87875
125;2011;89739
125;2012;91542
125;2013;93659
125;2014;95318
125;2015;96920
125;2016;98470
125;2017;101765.4164
125;2018;105171.1179
125;2019;108690.7953
125;2020;112328.2629
126;2000;150705
126;2001;156030.2562
126;2002;161555.3965
126;2003;167288.1185
126;2004;173236.4194
126;2005;179408.6074
126;2006;185813.3141
126;2007;192459.5072
126;2008;199356.5034
126;2009;206513.9822
126;2010;213942
126;2011;190787
126;2012;195197
126;2013;200380
126;2014;204486
126;2015;208451
126;2016;212289
126;2017;220602.4044
126;2018;229241.3682
126;2019;238218.6407
126;2020;247547.4703
127;2000;18204
127;2001;18974.83751
127;2002;19778.31567
127;2003;20615.81663
127;2004;21488.78108
127;2005;22398.71068
127;2006;23347.1707
127;2007;24335.7927
127;2008;25366.27731
127;2009;26440.39717
127;2010;27560
127;2011;28279
127;2012;28973
127;2013;29790
127;2014;30439
127;2015;31067
127;2016;31674
127;2017;33015.21661
127;2018;34413.22624
127;2019;35870.43375
127;2020;37389.34585
128;2000;36419
128;2001;40512.85519
128;2002;45066.90012
128;2003;50132.86466
128;2004;55768.29364
128;2005;62037.20048
128;2006;69010.79435
128;2007;76768.28902
128;2008;85397.80269
128;2009;94997.35889
128;2010;105676
128;2011;110992
128;2012;116134
128;2013;122196
128;2014;127171
128;2015;131976
128;2016;136626
128;2017;151984.1114
128;2018;169068.6261
128;2019;188073.609
128;2020;209214.9397
129;2000;15089
129;2001;15728.41406
129;2002;16394.92404
129;2003;17089.67816
129;2004;17813.87331
129;2005;18568.75707
129;2006;19355.62991
129;2007;20175.84742
129;2008;21030.8226
129;2009;21922.02835
129;2010;22851
129;2011;23475
129;2012;24079
129;2013;24788
129;2014;25354
129;2015;25901
129;2016;26430
129;2017;27550.00223
129;2018;28717.46586
129;2019;29934.40214
129;2020;31202.90751
130;2008;30965.9765
130;2009;32256.52939
130;2010;33601
130;2011;34444
130;2012;35258
130;2013;36214
130;2014;36974
130;2015;37708
130;2016;38418
130;2017;40019.52128
130;2018;41687.96891
130;2019;43426.14664
130;2020;45236.976
132;2011;28010
132;2012;28295
132;2013;28627
132;2014;28866
132;2015;29097
132;2016;29077
132;2017;29513.66265
132;2018;29956.88286
132;2019;30406.75911
132;2020;30863.39136
134;2000;257892.4817
134;2001;261280.5172
134;2002;264713.0627
134;2003;268190.703
134;2004;271714.0303
134;2005;275283.6451
134;2006;278900.1552
134;2007;282564.1769
134;2008;286276.3343
134;2009;290037.2597
134;2010;293847.5939
134;2011;296607.8151
134;2012;299277.4229
134;2013;302387.4242
134;2014;304567.2132
134;2015;306672.2303
134;2016;308710.0796
134;2017;312765.726
134;2018;316874.6531
134;2019;321037.5608
134;2020;325255.1582
135;2000;23003
135;2001;22992.57878
135;2002;22982.16228
135;2003;22971.7505
135;2004;22961.34344
135;2005;22950.94109
135;2006;22940.54346
135;2007;22930.15053
135;2008;22919.76232
135;2009;22909.37881
135;2010;22899
135;2011;22892
135;2012;22884
135;2013;22870
135;2014;22824
135;2015;22779
135;2016;22736
135;2017;22725.69974
135;2018;22715.40415
135;2019;22705.11322
135;2020;22694.82695
136;2000;46710
136;2001;47092.02003
136;2002;47479.74055
136;2003;47873.28364
136;2004;48272.77428
136;2005;48678.34042
136;2006;49090.11309
136;2007;49508.2264
136;2008;49932.81769
136;2009;50364.02757
136;2010;50802
136;2011;51117
136;2012;51421
136;2013;51771
136;2014;51990
136;2015;52201
136;2016;52406
136;2017;52877.22888
136;2018;53356.10186
136;2019;53842.78745
136;2020;54337.45822
137;2000;27064
137;2001;27041.81837
137;2002;27019.65492
137;2003;26997.50963
137;2004;26975.38249
137;2005;26953.27349
137;2006;26931.18261
137;2007;26909.10984
137;2008;26887.05515
137;2009;26865.01855
137;2010;26843
137;2011;26827
137;2012;26810
137;2013;26786
137;2014;26724
137;2015;26665
137;2016;26607
137;2017;26585.19293
137;2018;26563.40372
137;2019;26541.63238
137;2020;26519.87888
138;2000;7909
138;2001;7865.751129
138;2002;7822.738757
138;2003;7779.961589
138;2004;7737.41834
138;2005;7695.107732
138;2006;7653.02849
138;2007;7611.179351
138;2008;7569.559056
138;2009;7528.166354
138;2010;7487
138;2011;7455
138;2012;7424
138;2013;7385
138;2014;7341
138;2015;7298
138;2016;7257
138;2017;7217.316468
138;2018;7177.849938
138;2019;7138.599223
138;2020;7099.563143
139;2000;15952
139;2001;16124.19059
139;2002;16298.23986
139;2003;16474.16787
139;2004;16651.9949
139;2005;16831.74144
139;2006;17013.42822
139;2007;17197.07619
139;2008;17382.7065
139;2009;17570.34056
139;2010;17760
139;2011;17899
139;2012;18034
139;2013;18188
139;2014;18293
139;2015;18059
139;2016;18156
139;2017;18351.98122
139;2018;18550.07792
139;2019;18750.31293
139;2020;18952.70934
140;2000;22979
140;2001;23123.45332
140;2002;23270.72543
140;2003;23420.8697
140;2004;23573.94051
140;2005;23729.99326
140;2006;23889.08441
140;2007;24051.27149
140;2008;24216.61311
140;2009;24385.16899
140;2010;24557
140;2011;24679
140;2012;24796
140;2013;24930
140;2014;25006
140;2015;25415
140;2016;25486
140;2017;25680.60949
140;2018;25878.98701
140;2019;26081.20388
140;2020;26287.33282
141;2000;36789
141;2001;36863.71349
141;2002;36938.57871
141;2003;37013.59598
141;2004;37088.76559
141;2005;37164.08787
141;2006;37239.56311
141;2007;37315.19163
141;2008;37390.97375
141;2009;37466.90977
141;2010;37543
141;2011;37601
141;2012;37657
141;2013;37717
141;2014;37710
141;2015;37703
141;2016;37696
141;2017;37772.55549
141;2018;37849.26644
141;2019;37926.13319
141;2020;38003.15605
142;2000;14670
142;2001;14685.6249
142;2002;14701.26644
142;2003;14716.92464
142;2004;14732.59952
142;2005;14748.29109
142;2006;14763.99937
142;2007;14779.72439
142;2008;14795.46615
142;2009;14811.22468
142;2010;14827
142;2011;14840
142;2012;14851
142;2013;14862
142;2014;14849
142;2015;14836
142;2016;14824
142;2017;14839.78892
142;2018;14855.59466
142;2019;14871.41723
142;2020;14887.25666
143;2000;118349
143;2001;119415.0758
143;2002;120491.9063
143;2003;121579.6002
143;2004;122678.2674
143;2005;123788.0187
143;2006;124908.9663
143;2007;126041.2233
143;2008;127184.904
143;2009;128340.1241
143;2010;129507
143;2011;103591
143;2012;104312
143;2013;105147
143;2014;105696
143;2015;106227
143;2016;106740
143;2017;107804.0586
143;2018;108878.7344
143;2019;109964.1333
143;2020;111060.3625
144;2000;33655
144;2001;33826.60831
144;2002;33999.09165
144;2003;34172.45449
144;2004;34346.70132
144;2005;34521.83664
144;2006;34697.86498
144;2007;34874.7909
144;2008;35052.61897
144;2009;35231.3538
144;2010;35411
144;2011;35546
144;2012;35677
144;2013;35825
144;2014;35896
144;2015;35964
144;2016;36031
144;2017;36214.72363
144;2018;36399.38408
144;2019;36584.98612
144;2020;36771.53455
145;2000;27682
145;2001;28151.06761
145;2002;28628.08351
145;2003;29113.18238
145;2004;29606.50117
145;2005;30108.17919
145;2006;30618.35807
145;2007;31137.18186
145;2008;31664.79704
145;2009;32201.35259
145;2010;32747
145;2011;33136
145;2012;33512
145;2013;33951
145;2014;34273
145;2015;34583
145;2016;34884
145;2017;35475.10449
145;2018;36076.22517
145;2019;36687.53175
145;2020;37309.19684
146;2000;190241.5183
146;2001;192221.1107
146;2002;194226.4463
146;2003;196257.8633
146;2004;157087.2313
146;2005;159150.9484
146;2006;161241.7773
146;2007;163360.0744
146;2008;165506.2003
146;2009;167680.5207
146;2010;169883.4061
146;2011;171479.1849
146;2012;173022.5771
146;2013;174820.5758
146;2014;176080.7868
146;2015;177297.7697
146;2016;178475.9204
146;2017;180820.6292
146;2018;183196.1414
146;2019;185602.8615
146;2020;188041.1998
147;2004;41228.47295
147;2005;41249.36763
147;2006;41270.2729
147;2007;41291.18877
147;2008;41312.11524
147;2009;41333.05232
147;2010;41354
147;2011;41371
147;2012;41386
147;2013;41397
147;2014;41343
147;2015;41291
147;2016;41240
147;2017;41260.90053
147;2018;41281.81164
147;2019;41302.73336
147;2020;41323.66568
148;2011;26775
148;2012;26882
148;2013;27004
148;2014;27067
148;2015;27127
148;2016;27185
148;2017;27344.81667
148;2018;27506.36631
148;2019;27669.66777
148;2020;27834.74011
151;2000;173418
151;2001;174265.5164
151;2002;175117.1746
151;2003;175972.9951
151;2004;176832.998
151;2005;177697.2039
151;2006;178565.6333
151;2007;179438.3068
151;2008;180315.2452
151;2009;181196.4693
151;2010;182082
151;2011;182748
151;2012;183391
151;2013;184122
151;2014;184460
151;2015;184786
151;2016;185102
151;2017;186006.6176
151;2018;186915.6561
151;2019;187829.1373
151;2020;188747.0828
152;2000;10334
152;2001;10392.10743
152;2002;10450.54159
152;2003;10509.30433
152;2004;10568.39749
152;2005;10627.82292
152;2006;10687.5825
152;2007;10747.6781
152;2008;10808.11162
152;2009;10868.88495
152;2010;10930
152;2011;10976
152;2012;11020
152;2013;11070
152;2014;11096
152;2015;11121
152;2016;11145
152;2017;11207.66763
152;2018;11270.68764
152;2019;11334.06201
152;2020;11397.79272
153;2000;19835
153;2001;19834.49994
153;2002;19833.9999
153;2003;19833.49987
153;2004;19832.99985
153;2005;19832.49984
153;2006;19831.99985
153;2007;19831.49987
153;2008;19830.9999
153;2009;19830.49994
153;2010;19830
153;2011;19830
153;2012;19830
153;2013;19825
153;2014;19792
153;2015;19759
153;2016;19727
153;2017;19726.50267
153;2018;19726.00534
153;2019;19725.50804
153;2020;19725.01074
154;2000;23487
154;2001;23699.29019
154;2002;23913.5124
154;2003;24129.68432
154;2004;24347.82381
154;2005;24567.94887
154;2006;24790.07768
154;2007;25014.2286
154;2008;25240.42014
154;2009;25468.67099
154;2010;25699
154;2011;25870
154;2012;26034
154;2013;26223
154;2014;26345
154;2015;26461
154;2016;26575
154;2017;26815.4073
154;2018;27058.00415
154;2019;27302.81058
154;2020;27549.84686
155;2000;8402
155;2001;8450.044669
155;2002;8498.364068
155;2003;8546.95977
155;2004;8595.833354
155;2005;8644.986408
155;2006;8694.420532
155;2007;8744.137332
155;2008;8794.138425
155;2009;8844.425436
155;2010;8895
155;2011;8933
155;2012;8970
155;2013;9012
155;2014;9033
155;2015;9054
155;2016;9075
155;2017;9126.893045
155;2018;9179.082828
155;2019;9231.571044
155;2020;9284.359401
156;2000;10476
156;2001;10460.39582
156;2002;10444.81489
156;2003;10429.25716
156;2004;10413.72261
156;2005;10398.21119
156;2006;10382.72288
156;2007;10367.25764
156;2008;10351.81544
156;2009;10336.39624
156;2010;10321
156;2011;10310
156;2012;10298
156;2013;10282
156;2014;10253
156;2015;10225
156;2016;10198
156;2017;10182.80991
156;2018;10167.64244
156;2019;10152.49757
156;2020;10137.37525
157;2000;10038
157;2001;10062.82196
157;2002;10087.7053
157;2003;10112.65018
157;2004;10137.65673
157;2005;10162.72513
157;2006;10187.85551
157;2007;10213.04803
157;2008;10238.30285
157;2009;10263.62012
157;2010;10289
157;2011;10309
157;2012;10327
157;2013;10347
157;2014;10348
157;2015;10350
157;2016;10351
157;2017;10376.59595
157;2018;10402.25519
157;2019;10427.97788
157;2020;10453.76418
158;2000;22651
158;2001;22905.89705
158;2002;23163.66251
158;2003;23424.32867
158;2004;23687.92816
158;2005;23954.494
158;2006;24224.05958
158;2007;24496.65863
158;2008;24772.32531
158;2009;25051.09413
158;2010;25333
158;2011;25539
158;2012;25738
158;2013;25969
158;2014;26126
158;2015;26278
158;2016;26424
158;2017;26721.3555
158;2018;27022.05722
158;2019;27326.1428
158;2020;27633.65033
159;2000;48543
159;2001;49087.66049
159;2002;49638.43216
159;2003;50195.38358
159;2004;50758.58408
159;2005;51328.10379
159;2006;51904.01361
159;2007;52486.38523
159;2008;53075.29115
159;2009;53670.80469
159;2010;54273
159;2011;54713
159;2012;55139
159;2013;55632
159;2014;55967
159;2015;56290
159;2016;56603
159;2017;57238.09502
159;2018;57880.31592
159;2019;58529.74263
159;2020;59186.45603
165;2000;24901
165;2001;25868.54553
165;2002;26873.68571
165;2003;27917.8813
165;2004;29002.64984
165;2005;30129.5678
165;2006;31300.27294
165;2007;32516.46664
165;2008;33779.91638
165;2009;35092.45833
165;2010;36456
165;2011;37343
165;2012;38201
165;2013;39210
165;2014;40008
165;2015;40779
165;2016;41557
165;2017;43171.7259
165;2018;44849.19309
165;2019;46591.83942
165;2020;48402.19748
166;2000;119247
166;2001;123515.7968
166;2002;127937.4077
166;2003;132517.3032
166;2004;137261.1495
166;2005;142174.8157
166;2006;147264.381
166;2007;152536.1423
166;2008;157996.6218
166;2009;163652.5752
166;2010;169511
166;2011;173370
166;2012;177101
166;2013;181486
166;2014;184940
166;2015;188276
166;2016;191504
166;2017;198359.4484
166;2018;205460.3078
166;2019;212815.3633
166;2020;220433.7146
167;2000;29544
167;2001;30259.63555
167;2002;30992.60573
167;2003;31743.33043
167;2004;32512.23971
167;2005;33299.77405
167;2006;34106.38461
167;2007;34932.53345
167;2008;35778.69385
167;2009;36645.35054
167;2010;37533
167;2011;38147
167;2012;38740
167;2013;39434
167;2014;39965
167;2015;40478
167;2016;40975
167;2017;41967.52528
167;2018;42984.0922
167;2019;44025.28312
167;2020;45091.6945
168;2000;16228
168;2001;16343.90306
168;2002;16460.63393
168;2003;16578.1985
168;2004;16696.60274
168;2005;16815.85264
168;2006;16935.95424
168;2007;17056.91363
168;2008;17178.73694
168;2009;17301.43032
168;2010;17425
168;2011;17517
168;2012;17606
168;2013;17709
168;2014;17768
168;2015;17826
168;2016;17850
168;2017;17977.48766
168;2018;18105.88585
168;2019;18235.20108
168;2020;18365.43991
